{
    "server": "https://nya-wsl.osttsstudio.ltd",
    "version": "1.1.0",
    "language": "zh_cn",

"Path":{
    "csvUrl": "/files/ServerList.csv",
    "csvRes": "./ServerList.csv",
    "conUrl": "/files/n2n_config.html",
    "zipUrl": "/files/n2n_update_win.zip",
    "log": "client.log",
    "updateLog": "update.log",
    "updateUrl": "/files/update.exe",
    "updateRes": "update.exe",
    "historyUrl": "/files/history.json",
    "historyRes": "history.json",
    "batRes": "update.bat"
}
}   